iter,time,reward,steps,convergence,policy
1,37.61154399999356,-12834.0,11858.0,9.891
2,27.242823999998222,-1937.0,1941.0,9.61271
3,8.364481999997508,-26180.0,25645.0,9.259003743396896
4,8.17886400000134,-1002.0,1055.0,8.85092724322708
5,5.397145999999964,-5323.0,5033.0,8.350443278581803
6,9.361131000005685,-5960.0,5964.0,7.740035925812146
7,6.44813000000255,-17012.0,15938.0,7.401655526037122
8,5.259664000000441,-59064.0,50000.0,6.957299126951904
9,6.195777999998597,-12623.0,12186.0,6.519168473123537
10,1.4324319999943214,-5704.0,5610.0,5.811726117421509
11,3.992793999998412,-2625.0,2580.0,5.188896659731592
12,5.8526210000025,-5005.0,4519.0,5.037913432125333
13,2.630744000001073,-2158.0,2064.0,5.006495715293286
14,3.248499000001459,-26403.0,25623.0,4.913803440218591
15,3.4611020000028248,-17843.0,17945.0,4.927743501078256
16,2.7948460000004616,-50293.0,50000.0,5.106518297871004
17,2.4236100000010197,-729.0,831.0,5.030039822732532
18,3.101171000004399,-49999.0,50000.0,4.97521007055659
19,4.227278000001888,-330.0,432.0,4.912478130452456
20,3.7316890000056446,-17395.0,17497.0,5.160422384858664
21,1.3376169999972376,-12311.0,12413.0,5.398708429513041
22,2.056750999997803,-173.0,275.0,5.33664141108035
23,6.127218999999684,-2700.0,2508.0,5.112563321024753
24,2.754367999997953,-1260.0,1313.0,5.156672562942126
25,4.816587999997068,-51959.0,50000.0,5.164813453006408
26,1.6373770000015497,-3596.0,3698.0,5.284732947299574
27,4.035096000002625,-2851.0,2953.0,5.212999416324264
28,1.0962039999995454,-4419.0,4423.0,5.001254780288183
29,2.0720670000002883,-3381.0,3434.0,4.94344403101782
30,2.2091829999979495,-14438.0,14540.0,4.934655948515254
31,4.972303999998928,-435.0,537.0,4.624947414163342
32,1.0972979999976928,-337.0,390.0,4.2547999777105625
33,5.517851999996992,-15831.0,15884.0,4.018866988738713
34,1.777046999997367,-41.0,143.0,3.906174900280002
35,3.112111000000084,13.0,89.0,4.159586184270725
36,0.8179589999954828,-4695.0,4454.0,4.007236777520096
37,0.8682839999991643,-43885.0,43987.0,4.0325149517516925
38,6.640677000000039,-35432.0,35534.0,4.302911135022734
39,5.33259899999905,-143.0,245.0,4.466429556779644
40,1.844511000001603,-348.0,254.0,4.43320867046854
41,2.254402999994909,-1684.0,1688.0,4.713951671251684
42,2.9330579999964357,-8684.0,8345.0,5.04259090037866
43,0.7833160000032535,-50048.0,50000.0,5.618155581906007
44,3.6762590000023465,-47494.0,46812.0,5.737552572436072
45,2.3488520000043422,-684.0,737.0,5.368088409545635
46,2.6905499999969607,-288.0,292.0,5.392859009407661
47,0.8066540000015721,-709.0,713.0,5.398376549024215
48,1.925103000004924,-52.0,154.0,5.230488265107042
49,1.7693879999995943,-1385.0,1487.0,5.142070852080456
50,1.9867339999990463,-4.0,106.0,4.769481220917568
51,0.8146770000010406,-868.0,970.0,4.821804484142221
52,1.8084089999987896,-49999.0,50000.0,4.90969186951287
53,1.542563000000996,-101.0,203.0,4.773940256591021
54,0.6972529999984545,-49999.0,50000.0,4.742687717703747
55,1.5790289999983997,-7466.0,7568.0,4.757271241078928
56,0.7092869999993923,-198.0,300.0,4.688625914793879
57,0.7041809999961401,-598.0,700.0,4.711156945424599
58,0.6841249999993693,-5400.0,5502.0,4.7374997545539355
59,1.10678000000064,26.0,76.0,4.706894775215959
60,1.1476230000013743,-361.0,365.0,4.858749541897963
61,0.8219709999934821,-148.0,250.0,5.073716715947029
62,1.0188940000048774,-139.0,241.0,5.073408214903516
63,0.5568540000027156,-919.0,1021.0,4.663595771079594
64,0.904750999993098,-685.0,787.0,4.686049258991626
65,1.185184000000561,-5.0,107.0,4.654248110344221
66,0.8350989999996727,-1836.0,1742.0,4.7841413842142755
67,1.5294340000053808,-841.0,551.0,4.675953725293083
68,0.6130139999953599,-27.0,129.0,4.43710893858822
69,1.6282610000004638,34.0,68.0,4.53651630424296
70,0.38582300000200576,-158.0,260.0,4.764500241241658
71,0.5141870000002768,-237.0,339.0,4.32893294545733
72,1.611120999996274,-12.0,114.0,4.248967645993046
73,0.8890710000031277,-100.0,202.0,4.654304953675073
74,0.5911339999968845,-95.0,197.0,4.529875425440303
75,1.2519190000048752,51.0,51.0,4.643804944149186
76,0.9700270000010391,32.0,70.0,4.416708486290898
77,0.7913379999990866,-4429.0,4384.0,4.490175697693472
78,0.38545800000377994,25.0,77.0,4.686348061543482
79,0.6246829999980719,-178.0,231.0,4.640806989943888
80,0.2844440000018267,42.0,60.0,4.571983703622254
81,0.4171850000034283,43.0,59.0,4.72168498719952
82,1.2001360000013506,-480.0,582.0,4.527794885672362
83,0.43432400000398275,57.0,45.0,4.598431376123611
84,0.6436460000003308,-106.0,208.0,4.727078977448608
85,0.6921470000023078,42.0,60.0,5.088983181326844
86,2.0366930000008665,-18.0,120.0,5.684593105151119
87,0.839840000004699,-15.0,68.0,5.602867007895559
88,0.7468479999985789,27.0,75.0,5.766019634177454
89,0.4671450000017785,-188.0,290.0,5.682022641316698
90,2.1770919999966054,-6050.0,6152.0,5.708322407728613
91,0.47881399999738505,-185.0,91.0,6.299053906795541
92,0.6771959999980481,36.0,66.0,6.3399945088174
93,1.9739689999980214,-49999.0,50000.0,6.245597076540085
94,0.37451800000098956,-245.0,347.0,6.64180477303767
95,0.6888650000007601,-5290.0,5392.0,6.281958350567808
96,1.8663910000000783,41.0,61.0,5.882438786811404
97,2.3710970000010434,23.0,79.0,5.94056513779554
98,0.7019940000034808,29.0,73.0,5.681830330104048
99,1.071770999999444,-913.0,966.0,5.408791574013247
100,2.149012000003836,-1059.0,1112.0,5.235941516355192
101,0.8923520000010399,59.0,43.0,4.763944550869188
102,0.9736740000008126,-9.0,111.0,4.920228475496936
103,0.8103019999978756,50.0,52.0,4.635199305435465
104,0.7690930000023855,56.0,46.0,4.334286475968914
105,0.5725349999963214,-841.0,943.0,4.452824621883328
106,2.1530240000018352,-129.0,231.0,4.32099088869216
107,0.7679989999971326,-32.0,85.0,4.204421887856018
108,1.5126589999994167,49.0,53.0,4.2489561821860615
109,0.3745189999975196,-682.0,735.0,4.463783588222196
110,0.43031299999540806,62.0,40.0,4.622245565233025
111,0.3358629999965501,44.0,58.0,4.518374156798812
112,0.28991399999966916,31.0,71.0,4.422038839397991
113,0.5386210000040137,63.0,39.0,4.706679015635847
114,0.5181989999982761,47.0,55.0,4.22915884588476
115,0.4992359999960172,2.0,100.0,3.893489329328017
116,0.42265500000127076,62.0,40.0,3.869148079258456
117,0.3537309999970262,-27.0,129.0,3.908787336578102
118,0.46568599999829985,38.0,64.0,3.9261814640963104
119,0.8919879999993441,43.0,59.0,3.9837402057510127
120,1.2019589999994196,24.0,78.0,3.84757251038331
121,0.3169000000013966,-8.0,61.0,3.952437839123604
122,0.7669049999989852,59.0,43.0,3.9791965170598536
123,0.6177539999967507,52.0,50.0,3.883938206132302
124,0.6162950000003775,53.0,49.0,4.002057946307314
125,0.5265870000030759,33.0,69.0,4.093510185053804
126,0.6203069999983768,-3.0,56.0,4.195179514404248
127,0.4306780000007393,41.0,61.0,4.292524112498468
128,0.6564090000011902,37.0,65.0,4.277293614409048
129,0.5933210000037548,52.0,50.0,4.490053794644468
130,0.5564890000044898,55.0,47.0,4.551281031656112
131,0.618119000002082,62.0,40.0,4.362179849539406
132,0.7873269999976173,63.0,39.0,4.530546717215212
133,0.6188480000020036,55.0,47.0,4.309633659926933
134,0.5455490000016994,-58.0,62.0,4.335519212171235
135,0.4729800000049522,49.0,53.0,4.301501153177466
136,0.3168999999942912,13.0,40.0,4.142029036737027
137,0.3697779999995987,62.0,40.0,4.039936463736173
138,0.8292650000001345,54.0,48.0,4.247785892872782
139,0.937936999996225,52.0,50.0,4.3842269328488275
140,0.38509399999497873,-1306.0,1408.0,4.151509367906057
141,0.4015039999956116,66.0,36.0,4.29557303274621
142,0.47443799999769,56.0,46.0,4.115942109521477
143,0.41098499999492333,57.0,45.0,4.516904665307303
144,0.3599309999984257,-3.0,56.0,4.968887551707928
145,0.3526379999954088,54.0,48.0,4.866881497036237
146,0.28845599999982596,45.0,57.0,5.309742335798272
147,0.3230990000062661,40.0,62.0,5.154228601843707
148,0.4671450000017785,33.0,69.0,5.131827425269052
149,0.5564889999973843,48.0,54.0,4.6269112675843225
150,0.3216400000027875,-61.0,65.0,5.131010925125265
151,0.8843299999981014,50.0,52.0,4.905969926932516
152,0.31398200000154475,45.0,57.0,4.79184764820643
153,0.23922499999429192,48.0,54.0,4.393405773590645
154,0.3158060000032492,46.0,56.0,4.053993326954658
155,0.33877999999987196,61.0,41.0,4.224604230863063
156,0.5411729999948989,41.0,61.0,4.222750934023157
157,0.32273500000457034,56.0,46.0,4.201650772703742
158,0.2851730000017483,60.0,42.0,3.994208780355798
159,0.2829860000019835,37.0,65.0,4.204551249491574
160,0.31544099999791797,55.0,47.0,4.072105761290485
161,0.34425000000481987,53.0,49.0,4.257839724264856
162,0.36795399999789424,53.0,49.0,4.888678421761917
163,0.3460730000028889,48.0,54.0,5.145467810503069
164,0.2530829999969342,32.0,70.0,4.955237619645534
165,0.34169799999972383,51.0,51.0,5.261505931694334
166,0.32455800000263935,-65.0,69.0,4.707314896727316
167,0.37780099999906724,58.0,44.0,4.9006527673001345
168,0.39676300000479614,54.0,48.0,4.742511497437562
169,0.7705519999987587,-104.0,59.0,4.600357140903556
170,0.4117150000055858,49.0,53.0,4.398239506342701
171,0.5758169999978691,-57.0,61.0,4.250148870959696
172,0.32674599999893417,43.0,59.0,3.976766186391346
173,0.2848090000000525,54.0,48.0,3.813181504748724
174,0.3347689999984027,56.0,46.0,4.096101790039251
175,0.3898339999963696,56.0,46.0,3.823115009752486
176,0.3398740000051248,54.0,48.0,3.813566750050287
177,0.31762999999784824,64.0,38.0,3.735447504678313
178,0.3686840000014513,50.0,52.0,4.032773458286596
179,0.31361799999984896,-15.0,68.0,4.187089024347658
180,0.3194519999993872,62.0,40.0,4.026060382574295
181,0.3562850000022877,63.0,39.0,3.989389126222066
182,0.26584599999779357,52.0,50.0,3.626924781808996
183,0.46896900000348296,45.0,57.0,3.562266257421031
184,0.37962399999713625,60.0,42.0,3.378506500052864
185,0.30085499999898957,45.0,57.0,3.093995075224681
186,0.35373200000066163,38.0,64.0,3.1273894691390853
187,0.5725350000034268,55.0,47.0,3.0065725052351993
188,0.6122849999954383,51.0,51.0,2.8827285360679946
189,0.7038169999944444,56.0,46.0,2.559026421166706
190,0.5353379999988306,51.0,51.0,2.727707585284717
191,0.4569339999989097,31.0,71.0,2.604543753387496
192,0.538984999998604,52.0,50.0,2.569376486470222
193,0.5145519999985027,58.0,44.0,2.5772924416057243
194,0.5688890000001834,59.0,43.0,2.5475859210572267
195,0.6071789999992916,51.0,51.0,2.6001409223550667
196,0.9215270000026976,56.0,46.0,2.5740508945315446
197,0.6235889999999245,49.0,53.0,2.6676557038841286
198,0.44708799999426674,51.0,51.0,2.6026891750907373
199,0.6403639999987831,59.0,43.0,2.607726436775604
200,0.5940510000002064,33.0,69.0,2.6869825563785636
201,0.6152019999987601,63.0,39.0,2.7019356497859532
202,0.3150770000033276,-55.0,59.0,2.712228141369132
203,0.38436500000216256,56.0,46.0,2.8257170684357313
204,0.366495000001521,66.0,36.0,2.8235416238305873
205,0.39056399999992664,-4.0,57.0,3.0976900628718034
206,0.26292900000157715,40.0,62.0,3.153652608931649
207,0.32674599999893417,39.0,63.0,3.018220434484743
208,0.2636579999943933,58.0,44.0,3.4734529244893535
209,0.35044999999911397,52.0,50.0,3.8560861663410955
210,0.26329300000327294,42.0,60.0,3.691877612788469
211,0.3034070000040856,43.0,59.0,3.682853051837076
212,0.31288899999992736,55.0,47.0,3.7716480918729793
213,0.28152700000561026,61.0,41.0,3.5291220695555423
214,0.3478969999974879,62.0,40.0,4.116619674367186
215,0.3825410000004581,50.0,52.0,3.8277962893864776
216,0.2979369999991377,-3.0,56.0,3.714350951418673
217,0.3220059999975433,56.0,46.0,4.023928461570762
218,0.26402299999972456,-8.0,61.0,3.4498585888293705
219,0.2862669999998957,50.0,52.0,3.0797901740052156
220,0.2855379999999741,46.0,56.0,3.454582540971167
221,0.29866700000269475,37.0,65.0,3.820239163244023
222,0.26292900000157715,39.0,63.0,4.191333179136784
223,0.3985870000065006,69.0,33.0,4.426691252483744
224,0.28371499999479965,50.0,52.0,4.193964843946558
225,0.3672240000014426,54.0,48.0,4.32514279959732
226,0.2494359999971607,55.0,47.0,4.268551054289139
227,0.5652409999967745,-178.0,280.0,4.180845914451551
228,0.522938999999667,26.0,76.0,4.275936526293649
229,0.522939999996197,46.0,56.0,4.853222523798125
230,0.3756130000027724,52.0,50.0,4.425636175784026
231,0.4087969999986285,52.0,50.0,4.781288548324979
232,0.4631329999966738,47.0,55.0,4.76978151598107
233,0.2665760000013506,40.0,62.0,4.531430567679292
234,0.33805099999995036,65.0,37.0,4.140697275385227
235,0.7836799999978439,62.0,40.0,4.317162992956137
236,0.3460739999994189,50.0,52.0,4.332320222372614
237,0.3526380000025142,43.0,59.0,4.19085141228214
238,0.3927520000033269,62.0,40.0,4.228085553280001
239,0.2742329999989579,55.0,47.0,4.210859759949715
240,0.3836349999986055,62.0,40.0,4.760951542259892
241,0.3099710000000755,13.0,40.0,4.054419856450865
242,0.27642199999888817,8.0,45.0,3.854007149366116
243,0.31726500000672786,63.0,39.0,3.8817711142415448
244,0.33221599999677665,65.0,37.0,3.7458917427603935
245,0.28189199999673065,44.0,58.0,3.5403327520420773
246,0.29283199999952103,51.0,51.0,3.6122205163250953
247,0.24360100000109242,61.0,41.0,3.646234407633389
248,2.215747000001045,64.0,38.0,3.672225908258865
249,0.5729000000016526,59.0,43.0,3.074496674607845
250,0.3573790000004351,51.0,51.0,2.52105976213699
251,0.28772600000337434,51.0,51.0,2.3953030555737187
252,0.24834099999537784,44.0,58.0,2.2367319617916706
253,0.34279200000497667,58.0,44.0,2.422542240355202
254,0.24141299999769217,66.0,36.0,2.6922889638837457
255,0.4007750000027954,-46.0,50.0,2.541475443882194
256,0.4153610000017238,56.0,46.0,2.635091483495762
257,0.340603999994471,42.0,60.0,2.7863342109535782
258,0.33294499999669824,39.0,63.0,2.627660611632909
259,0.3106999999999971,48.0,54.0,2.718047750722455
260,0.47516800000124704,65.0,37.0,2.7401411829228293
261,0.7504949999983523,47.0,55.0,3.4383232426333947
262,0.4696969999997691,42.0,60.0,3.6886993992851855
263,0.5400789999967515,41.0,61.0,3.481297060213598
264,0.3836349999986055,59.0,43.0,3.3806131574468345
265,0.35300300000074003,-54.0,58.0,3.511415377509075
266,0.4445349999997461,54.0,48.0,3.615195931462459
267,0.2716810000009673,-60.0,64.0,3.5194938586303857
268,0.38108199999697945,52.0,50.0,3.797232966815072
269,0.3818120000005365,52.0,50.0,3.8932381430341323
270,0.34315599999956703,61.0,41.0,4.443362336886124
271,0.2877259999962689,62.0,40.0,4.367380820652092
272,0.3664960000051565,56.0,46.0,3.918597574651647
273,0.3398740000051248,58.0,44.0,4.229293404184363
274,0.44015900000005104,48.0,54.0,4.325217731286548
275,0.44708800000137217,52.0,50.0,4.281536538178204
276,0.32747499999885576,46.0,56.0,4.314407988239128
277,0.37378900000106796,62.0,40.0,4.109428137747281
278,0.35737800000390507,47.0,55.0,3.972986867225226
279,0.41718399999979283,37.0,65.0,4.053112441130461
280,0.363942999996425,56.0,46.0,3.6975434725724687
281,0.243600999993987,53.0,49.0,3.265489990282755
282,0.27277400000258467,52.0,50.0,3.275599177374089
283,0.32674599999893417,53.0,49.0,3.7085055194506324
284,0.4040570000043431,57.0,45.0,4.0309678177671
285,0.42338399999408693,40.0,62.0,4.093157589860079
286,0.31726499999962243,57.0,45.0,4.343819843254269
287,0.3468029999993405,47.0,55.0,4.270246356026236
288,0.3650370000016778,55.0,47.0,4.645284611316123
289,0.31908800000479687,29.0,73.0,5.04120456458442
290,0.39822200000116936,52.0,50.0,5.38210773968998
291,0.2931960000012168,61.0,41.0,5.331345678308589
292,0.34716800000467174,29.0,73.0,5.415340987841601
293,0.42848999999733905,29.0,73.0,4.95245832667915
294,0.3891050000035534,55.0,47.0,4.961478983331962
295,0.2669400000030464,53.0,49.0,5.291701882296069
296,0.3278399999970816,26.0,76.0,4.736779698480563
297,0.31835899999776984,-148.0,54.0,5.031854397863204
298,0.8318160000015951,59.0,43.0,4.7039480677040375
299,0.5426319999983775,62.0,40.0,4.197155711672907
300,0.6658909999970319,64.0,38.0,3.674230470122848
301,0.6283300000049508,43.0,59.0,4.18040250203172
302,0.5524779999959151,57.0,45.0,4.310462427204778
303,0.6370820000043409,33.0,69.0,4.14861516634368
304,0.4135380000036548,61.0,41.0,3.523354946522832
305,0.327840000004187,57.0,45.0,3.1122161784042945
306,0.5761809999995648,52.0,50.0,3.730643078195655
307,0.6626090000025897,60.0,42.0,3.4424273290983565
308,0.6637030000007371,56.0,46.0,3.4472644756756927
309,0.5699819999946953,48.0,54.0,3.8776045370544203
310,0.5316920000026926,47.0,55.0,4.071165938397248
311,0.43833600000198203,59.0,43.0,3.457453361647893
312,0.40916200000395975,54.0,48.0,3.200747668318569
313,0.3978569999958381,47.0,55.0,3.191321349616513
314,0.4737090000048738,41.0,61.0,3.7342550172097204
315,0.4562049999989881,13.0,40.0,3.7208557096427475
316,0.5572190000009414,56.0,46.0,3.2492793342748727
317,0.5976970000034498,58.0,44.0,3.350324781556772
318,0.3420619999943142,61.0,41.0,3.266605228792952
319,0.2913729999960424,34.0,68.0,2.690903763910497
320,0.3103359999983013,56.0,46.0,2.5831073837603458
321,0.3515439999972614,58.0,44.0,2.793582586149538
322,0.2705870000028199,29.0,73.0,3.0631928462150215
323,0.29830200000446894,59.0,43.0,3.025942408175628
324,0.40770400000411655,69.0,33.0,2.614049679239998
325,0.7282500000016512,49.0,53.0,2.517974550288108
326,0.6585980000011205,52.0,50.0,2.7444183254620427
327,0.36613099999982524,35.0,67.0,2.8827889751975464
328,0.3154420000015534,44.0,58.0,2.7974864694638697
329,0.40004499999923837,55.0,47.0,2.867478790481683
330,0.3960339999977691,41.0,61.0,2.655577003176808
331,0.6447400000055836,9.0,44.0,2.69167845267285
332,0.497777999996174,49.0,53.0,2.537985339091457
333,0.2924670000012952,65.0,37.0,2.810260837833247
334,0.29538399999751164,43.0,59.0,3.2164739784746152
335,0.3333100000020295,54.0,48.0,3.242682234264513
336,0.36831899999612006,47.0,55.0,3.0159616780587806
337,0.4485469999977454,46.0,56.0,2.854954225640833
338,0.6115549999989867,57.0,45.0,2.966376809283324
339,0.5809219999974857,-49.0,53.0,2.8567402452730746
340,0.5590419999990104,57.0,45.0,3.480069689461972
341,0.2964789999992945,32.0,70.0,3.3114492851291324
342,0.4201019999996447,49.0,53.0,3.3578159621941155
343,0.45401699999558787,36.0,66.0,3.466054284950986
344,0.32091099999576045,9.0,44.0,2.9251948431520867
345,0.29465499999759004,51.0,51.0,3.047150111227179
346,0.44891200000307663,52.0,50.0,2.97417288600282
347,0.3409679999961668,-13.0,66.0,3.145263264799755
348,0.5958739999982754,58.0,44.0,3.348988705538475
349,0.3592019999985041,26.0,76.0,3.416793947683766
350,0.3993159999993168,43.0,59.0,2.959884773218277
351,0.4467229999960409,53.0,49.0,3.040594374828995
352,0.49048399999662706,55.0,47.0,3.178988306914907
353,0.5389860000022395,53.0,49.0,2.8228298560138434
354,0.4773560000046473,61.0,41.0,2.7851890282009717
355,0.728614000003347,63.0,39.0,2.6532519557098246
356,0.44015900000005104,63.0,39.0,2.5433737138782435
357,0.34242699999964543,-124.0,79.0,2.8065592269489548
358,0.2483419999990133,46.0,56.0,2.7461123691949596
359,0.36175500000013017,53.0,49.0,2.6668213870071
360,0.3267460000060396,49.0,53.0,2.677490272983104
361,0.32419400000094356,40.0,62.0,2.7924121307953884
362,0.4438059999998245,39.0,63.0,3.0568004697329436
363,0.41353900000018484,1.0,52.0,3.0437432227037036
364,0.28371499999479965,59.0,43.0,3.675973503722067
365,0.27605700000066236,57.0,45.0,3.7262014783766917
366,0.30231299999883277,48.0,54.0,3.7893242740244504
367,0.24360100000109242,43.0,59.0,3.5550117892313127
368,0.4430760000033729,54.0,48.0,3.5796231503454408
369,0.30049000000076376,50.0,52.0,3.663995178432894
370,0.30668999999505786,63.0,39.0,3.7864768823000694
371,0.33185099999855083,55.0,47.0,3.4859001130587877
372,0.4452639999996677,50.0,52.0,3.279870291076996
373,0.4007750000027954,36.0,66.0,3.4053508046649137
374,0.49413099999640053,45.0,57.0,3.160169028507393
375,0.5123639999951024,53.0,49.0,3.273429228671593
376,0.486107999996932,57.0,45.0,3.4159692295090345
377,0.34315599999956703,27.0,75.0,3.1162353992393377
378,0.4839189999970017,57.0,45.0,2.8605026106142604
379,0.5969679999964228,64.0,38.0,2.749270411021745
380,0.6020739999996749,51.0,51.0,3.012418152277139
381,0.534608999998909,49.0,53.0,3.225438177953811
382,0.6713610000019798,62.0,40.0,3.361951247466249
383,0.28043199999672197,53.0,49.0,3.1346877008833167
384,1.3274060000014742,-47.0,51.0,3.279818421633931
385,1.420398000000489,66.0,36.0,3.6639779667222543
386,0.8030079999983286,55.0,47.0,3.7730967486278013
387,0.4624039999967522,53.0,49.0,3.9193788033310497
388,0.5335150000007616,48.0,54.0,4.016364758946961
389,0.4354189999986602,41.0,61.0,4.077257993380844
390,0.424843000004671,53.0,49.0,3.664651549532006
391,0.3737879999974325,49.0,53.0,3.831625783145234
392,0.39311599999791724,63.0,39.0,3.279029952784137
393,0.4237489999994182,62.0,40.0,3.385104532397669
394,0.5400790000038569,43.0,59.0,2.8563247508415883
395,0.6327060000046458,39.0,63.0,2.8423359014721483
396,0.716945000000635,54.0,48.0,2.519163341521178
397,0.6308829999994714,23.0,79.0,2.362869429629925
398,0.5780050000012693,58.0,44.0,2.1602092415426397
399,0.5207510000033722,63.0,39.0,2.7124244759481124
400,0.6611500000062165,6.0,47.0,3.1136943552225373
401,0.6720909999984315,26.0,76.0,3.1726350072741516
402,0.7858680000012441,52.0,50.0,3.3617208658948217
403,4.827892999998085,43.0,59.0,3.8249241472961844
404,0.9007399999987342,44.0,58.0,4.198654486568726
405,0.6403640000058886,57.0,45.0,3.602293961983031
406,0.47079200000155197,55.0,47.0,3.6005569899403
407,0.36831899999612006,61.0,41.0,3.9784091270485455
408,0.7235089999966249,61.0,41.0,3.9601783125309025
409,0.6863130000027695,46.0,56.0,3.370107898121879
410,0.5448200000017778,-4.0,57.0,2.8072825977587246
411,0.8974579999971866,51.0,51.0,2.4220495004147042
412,0.5553950000063423,57.0,45.0,2.4371583587098398
413,0.5568549999992456,61.0,41.0,1.8247298376360004
414,0.43651200000027757,38.0,64.0,2.1698813717000194
415,0.546278999998151,-48.0,52.0,2.806317742793285
416,0.48428400000233296,27.0,75.0,2.920195648135861
417,0.7132989999973915,49.0,53.0,2.732681524922407
418,0.9649220000014225,66.0,36.0,2.887816251185527
419,0.5287749999993707,50.0,52.0,3.1652947883248594
420,0.6870420000026911,39.0,63.0,3.3362282185826637
421,0.6217660000018554,55.0,47.0,3.347925996911541
422,0.8318169999981251,15.0,87.0,3.7811435524307164
423,0.5626889999987839,45.0,57.0,3.8863639894990145
424,0.3880109999983006,7.0,46.0,3.341812825041886
425,0.3515440000043668,30.0,72.0,2.7189719880314667
426,0.34388599999601865,14.0,39.0,3.1830537095939118
427,0.33294499999669824,44.0,58.0,2.9931559448322402
428,0.28882000000152175,54.0,48.0,2.9981500341777885
429,0.5265859999994404,55.0,47.0,3.044328856114479
430,0.3478969999974879,49.0,53.0,2.9245944532390316
431,0.6429170000004092,44.0,58.0,3.2537301439629447
432,0.4190080000014973,51.0,51.0,2.9527068508964325
433,0.3533670000024358,61.0,41.0,3.4342558839293686
434,0.33732100000349874,66.0,36.0,3.3233373023353443
435,0.5079880000025128,43.0,59.0,3.6769644651097786
436,0.5648770000021841,61.0,41.0,3.0559942470124266
437,0.35737799999679964,-6.0,59.0,3.0941834640561785
438,0.27314000000444594,69.0,33.0,3.187787002273198
439,0.44781700000129376,64.0,38.0,2.810440122269065
440,0.3267469999954642,47.0,55.0,2.945299744941699
441,0.2632929999961675,63.0,39.0,2.6871735575116693
442,0.3267460000060396,41.0,61.0,2.71323461205245
443,0.4222899999959395,56.0,46.0,2.480250263723149
444,0.3340390000019511,55.0,47.0,2.5918401808921425
445,0.3690480000031471,10.0,43.0,2.2452009166106768
446,0.4372419999967292,3.0,50.0,2.3909795050695246
447,0.2844449999983567,43.0,59.0,2.364683542812925
448,0.40259800000086443,3.0,50.0,2.262999977484793
449,0.277516000004141,44.0,58.0,2.3165871843165275
450,0.6895940000006817,50.0,52.0,2.396002709988757
451,0.76909299999528,33.0,69.0,2.7933505775650693
452,0.40587999999530666,48.0,54.0,2.5918706693626015
453,0.6060850000011442,31.0,71.0,2.2449815094750796
454,0.8285349999965774,48.0,54.0,2.07439637748202
455,0.48355500000241136,60.0,42.0,2.0586152170309817
456,0.37743600000084143,46.0,56.0,1.8945570641067149
457,0.5189279999981977,3.0,50.0,1.8848011129993645
458,0.548831999999777,51.0,51.0,1.9599658142386993
459,0.41062100000033297,61.0,41.0,2.184003289047816
460,0.2735039999990363,52.0,50.0,1.8798766984357023
461,0.2924670000012952,37.0,65.0,1.454257396007555
462,0.3128879999962919,8.0,45.0,1.8374279695007076
463,0.3347680000018727,9.0,44.0,1.9156860271247091
464,0.3526380000025142,52.0,50.0,2.309629546207502
465,0.37014300000492995,60.0,42.0,2.451189728816871
466,0.28371399999826963,61.0,41.0,2.502092654945327
467,0.3767059999972844,62.0,40.0,2.587850024305886
468,0.40332700000078603,51.0,51.0,2.4684726151769247
469,0.3770710000026156,38.0,64.0,2.291456344160223
470,0.34169799999972383,51.0,51.0,2.47850023529015
471,0.40369199999901184,54.0,48.0,2.890721492355991
472,0.3274760000024912,53.0,49.0,2.642098614903733
473,0.3471679999975663,56.0,46.0,2.9134337117305806
474,0.33950899999979356,52.0,50.0,2.514211322480434
475,0.2837150000019051,60.0,42.0,2.4222037808178705
476,0.31507599999969216,56.0,46.0,2.4002092792474046
477,0.2859029999981999,62.0,40.0,2.3789866212930884
478,0.4179140000033499,-7.0,60.0,2.3799336420906414
479,0.3993159999993168,40.0,62.0,2.3326163729064784
480,0.35373200000066163,58.0,44.0,2.2379648280130042
481,0.3960339999977691,8.0,45.0,1.8282567968464356
482,0.42703100000096583,52.0,50.0,1.5316220435451502
483,0.6257779999998547,59.0,43.0,1.2753303024393994
484,0.6261420000015505,51.0,51.0,1.8452945112812464
485,0.4266659999956346,60.0,42.0,2.4289302609438472
486,0.4135379999965494,53.0,49.0,2.414601328592929
487,0.27204499999555765,-19.0,72.0,2.3834809829873236
488,2.1311429999997245,38.0,64.0,2.2802064679939336
489,0.3406040000015764,42.0,60.0,2.421862848706687
490,0.2968430000009903,56.0,46.0,2.427520889347429
491,0.4190080000014973,66.0,36.0,2.9563013238732774
492,0.9043869999985077,66.0,36.0,3.4105679223519574
493,0.6874070000009169,54.0,48.0,3.471423365895096
494,0.3365919999964717,68.0,34.0,3.00126253876726
495,0.6232249999982287,64.0,38.0,2.5635597071870793
496,0.5725349999963214,61.0,41.0,2.8775808450515745
497,0.5980619999945702,35.0,67.0,3.539836825409023
498,0.7224150000055829,39.0,63.0,3.6038951805157295
499,0.40004499999923837,46.0,56.0,3.4172470696586728
500,0.2888199999944163,35.0,67.0,3.3310123063244026
501,0.4084320000004027,43.0,59.0,2.8528985195241785
502,0.5047060000009651,45.0,57.0,2.561662300900499
503,0.43760700000206043,58.0,44.0,2.404927855074259
504,0.4780850000045689,46.0,56.0,2.6748567829776144
505,0.48975499999670546,55.0,47.0,2.6456251850703483
506,0.5087179999989644,62.0,40.0,2.816759743768488
507,1.1512690000046177,33.0,69.0,2.165536462734671
508,0.9426769999976159,-1.0,54.0,2.176790987908112
509,0.5462779999945155,43.0,59.0,2.5824803040702617
510,0.6724550000001273,32.0,70.0,2.6417498600051808
511,1.0225400000010154,56.0,46.0,2.514131410198689
512,1.2041470000028198,50.0,52.0,3.0151657054090584
513,0.6914189999989162,44.0,58.0,2.983977387238671
514,0.4558400000007623,50.0,52.0,2.6971698098215384
515,0.4769910000064215,58.0,44.0,2.5117071494507557
516,0.49230699999469607,60.0,42.0,2.6211518751429765
517,0.559770999998932,61.0,41.0,2.665256650952693
518,0.4992359999960172,50.0,52.0,2.724194209884757
519,0.5783689999958597,46.0,56.0,2.3142776546340076
520,0.47881399999738505,58.0,44.0,2.4627118816992613
521,0.46969799999629913,0.0,53.0,2.4591549441261416
522,0.7140279999973131,52.0,50.0,1.812701754597375
523,0.7078279999959136,49.0,53.0,2.413641357974039
524,0.5462779999945155,39.0,63.0,2.3519471260057605
525,0.4306780000007393,39.0,63.0,2.526023368101582
526,0.8026430000001028,40.0,62.0,2.0388423178065818
527,1.1979480000050557,38.0,64.0,2.49912123490309
528,0.7734699999986105,39.0,63.0,2.4954261589155626
529,0.5645129999933829,53.0,49.0,2.458656524896381
530,0.4379710000037562,60.0,42.0,2.2761455635169385
531,0.3887399999982222,29.0,73.0,2.868696070889853
532,0.35044999999911397,33.0,69.0,2.8848754922715276
533,0.23302499999999782,62.0,40.0,2.4620888566327475
534,0.29283199999952103,60.0,42.0,3.039537568194561
535,0.30595999999860624,56.0,46.0,2.9990704563140307
536,0.3511799999955656,50.0,52.0,2.982760718660735
537,0.3960339999977691,27.0,75.0,2.5738761418103513
538,0.6308820000029414,41.0,61.0,2.625104320794519
539,0.5907690000057642,56.0,46.0,2.9280542548455757
540,0.5222099999997454,20.0,82.0,3.0317813617483775
541,0.48720200000218483,53.0,49.0,2.4824340309757895
542,0.3701429999978245,41.0,61.0,3.0847111433461096
543,0.4215609999960179,46.0,56.0,3.0473837464502203
544,0.4055160000007163,49.0,53.0,2.4995114374988843
545,0.2574590000037347,-46.0,50.0,2.4693239383633823
546,0.22682600000223374,36.0,66.0,2.3653809435680553
547,0.3449800000012715,54.0,48.0,2.344482742390997
548,0.3307570000004034,56.0,46.0,2.2225219798501996
549,0.30960700000548513,-10.0,63.0,2.5282971545640125
550,0.2614699999980985,52.0,50.0,2.5046502988124475
551,0.2993949999989809,62.0,40.0,2.398956360572338
552,0.6031670000012923,40.0,62.0,1.9628764244839132
553,0.9142330000031507,45.0,57.0,1.9190296019928226
554,0.8263470000002826,62.0,40.0,1.9086395132853162
555,0.5758170000049745,58.0,44.0,1.92940803924509
556,0.5025180000046703,41.0,61.0,1.937724681067126
557,0.6356230000008622,3.0,50.0,1.9055820228130824
558,0.9525229999951534,46.0,56.0,1.8420053894940387
559,0.366495000001521,55.0,47.0,1.343351215130414
560,0.47735599999754186,58.0,44.0,1.6761778488978074
561,0.4321360000005825,59.0,43.0,1.6831997129913094
562,0.4427120000016771,37.0,65.0,1.5177260847613787
563,0.5448200000017778,59.0,43.0,1.4037296203075804
564,0.46094500000037897,53.0,49.0,1.450805360158712
565,0.3705069999995203,43.0,59.0,1.4432469662996894
566,0.3570140000022093,49.0,53.0,1.4612524679845307
567,0.2410490000031018,52.0,50.0,1.3700620888788027
568,0.3106999999999971,20.0,82.0,1.954419393200342
569,0.31908799999769144,61.0,41.0,1.9357783479732114
570,0.23813100000324994,50.0,52.0,1.621553461147038
571,0.3566490000039835,3.0,50.0,1.9487493861597027
572,0.3839990000003013,59.0,43.0,2.124995594306252
573,0.269492000001037,5.0,97.0,2.1452038347401365
574,1.969229000003736,48.0,54.0,2.527442161194694
575,0.28225599999842643,64.0,38.0,2.424366914422989
576,0.2694919999939316,57.0,45.0,2.4667067354571413
577,0.31799399999954403,49.0,53.0,2.4468234265587436
578,0.23448399999637104,47.0,55.0,2.3457542240728952
579,0.31507599999969216,55.0,47.0,2.2853129144319606
580,0.30851199999659684,43.0,59.0,2.2245752550386664
581,0.25198800000225674,53.0,49.0,2.1404221971384176
582,0.2797039999933304,-47.0,51.0,1.9329467461716008
583,0.3154420000015534,44.0,58.0,2.1308331248246914
584,0.3074190000020849,63.0,39.0,1.6656771028058017
585,0.33112199999862924,58.0,44.0,1.6697606485588707
586,0.35044999999911397,52.0,50.0,1.883465808367572
587,0.3993159999993168,-53.0,57.0,2.052102477972703
588,0.4139029999947752,41.0,61.0,1.5758289495769715
589,1.062654000001828,48.0,54.0,2.0787674191402927
590,0.596602999998197,63.0,39.0,2.665382771060882
591,0.4237489999994182,51.0,51.0,2.986731096875275
592,0.2859029999981999,56.0,46.0,2.9780504688281235
593,0.37561199999913697,49.0,53.0,3.285882335477633
594,0.39785700000294355,50.0,52.0,3.282789648441626
595,0.497776999999644,-53.0,57.0,3.41136081071944
596,0.4642269999948212,44.0,58.0,3.228260584954383
597,0.3566490000039835,57.0,45.0,3.1574593428118183
598,0.668443999998658,58.0,44.0,3.326513745384004
599,0.3697779999995987,61.0,41.0,2.866255441273312
600,0.33768600000172455,37.0,65.0,2.333058876049597
601,0.3942109999997001,62.0,40.0,2.328527767829371
602,0.32273500000457034,58.0,44.0,2.3875072221461986
603,0.35373200000066163,43.0,59.0,2.4445649819667494
604,0.341333000001498,49.0,53.0,2.471214501402502
605,0.4554759999990665,48.0,54.0,2.858882254423942
606,0.42630200000104423,41.0,61.0,2.766372487969517
607,0.4872019999950794,2.0,51.0,2.6872596670986253
608,0.5743579999943904,7.0,46.0,2.5509885616155543
609,0.744660000002284,57.0,45.0,2.5275023007868604
610,0.48829600000033224,53.0,49.0,2.412017833761199
611,0.4244779999993398,47.0,55.0,1.926121920450305
612,0.4616749999968306,42.0,60.0,1.9480390147002864
613,0.5167399999947975,50.0,52.0,1.9243982509854718
614,0.28407899999649544,53.0,49.0,1.8985255765458589
615,0.34461499999594025,56.0,46.0,1.4345948176799517
616,0.331486000000325,39.0,63.0,1.6125252100188525
617,0.35300300000074003,33.0,69.0,1.6084182189646234
618,0.609003000000996,48.0,54.0,1.713708474824879
619,0.8263470000002826,39.0,63.0,2.2209896454896962
620,0.47553299999947285,57.0,45.0,2.23503585251517
621,0.3646719999963466,56.0,46.0,2.204526902724195
622,0.31507599999969216,60.0,42.0,2.185810612714987
623,0.24943600000426613,60.0,42.0,1.6814611966356168
624,0.23557800000162388,45.0,57.0,1.875770998211435
625,0.21479200000129595,56.0,46.0,1.8290995900739602
626,0.2939250000011384,46.0,56.0,1.6812222420530545
627,0.27058699999571445,42.0,60.0,1.8251749671956325
628,0.3344040000001769,59.0,43.0,1.6867788391560232
629,0.3081480000020065,55.0,47.0,1.272068657992161
630,0.29830099999372806,51.0,51.0,1.7338463075685417
631,0.23958999999962316,56.0,46.0,1.676812312437729
632,0.2698569999992628,55.0,47.0,1.620466227639625
633,0.35810700000382667,47.0,55.0,1.6729970748514063
634,0.29976000000431213,71.0,31.0,1.5129505498644928
635,0.33586300000365554,59.0,43.0,1.5479519521485547
636,0.3391449999980978,47.0,55.0,2.040605676687837
637,0.28590300000530533,53.0,49.0,2.3231179608783448
638,0.25308200000040415,56.0,46.0,2.790239924298204
639,0.31799399999954403,63.0,39.0,2.850913037348801
640,0.3117939999981445,31.0,71.0,2.4083313121761636
641,0.33330999999492406,49.0,53.0,2.4346194433828017
642,0.5415380000002301,62.0,40.0,2.9657475145606127
643,0.4981420000049752,55.0,47.0,3.42611479859049
644,0.3351330000000985,50.0,52.0,3.990125599921457
645,0.5590420000061158,44.0,58.0,4.047341309128025
646,0.3471670000010363,51.0,51.0,3.544794936049942
647,0.36503599999804237,47.0,55.0,3.1606964671448496
648,0.43505300000390434,-162.0,68.0,2.916886671725886
649,0.6596919999992679,-113.0,215.0,2.7393832861783403
650,0.3406030000050464,18.0,84.0,2.784404693432429
651,0.42776000000088743,44.0,58.0,3.3386649385966214
652,0.43250100000591374,-5.0,58.0,3.376540989926857
653,0.3354979999983243,46.0,56.0,2.8896942760843762
654,0.6750080000017533,49.0,53.0,2.311591462369409
655,0.6126489999971341,57.0,45.0,2.3682441600075776
656,0.34169799999972383,48.0,54.0,2.924968229782377
657,0.41317400000195903,54.0,48.0,3.3973962448602952
658,0.38582300000200576,69.0,33.0,3.362620595732845
659,0.2793389999951046,65.0,37.0,3.3775140550415372
660,0.338780999996402,57.0,45.0,4.007526279547382
661,0.31252400000170155,56.0,46.0,3.5875520666221234
662,0.24031899999954476,45.0,57.0,3.2330715567428525
663,0.3573790000004351,59.0,43.0,3.271185170021584
664,0.3230989999991607,41.0,61.0,3.2663444405411006
665,1.94078499999506,53.0,49.0,3.6273611701015716
666,0.35628399999865223,54.0,48.0,3.258943303192074
667,0.29976100000084216,61.0,41.0,2.8550248143204713
668,0.27751500000050555,55.0,47.0,2.782850800877225
669,0.32565199999368133,45.0,57.0,2.8258442007631515
670,0.31799399999954403,49.0,53.0,2.254307133961179
671,0.35008500000088816,52.0,50.0,2.299743187436828
672,0.2567290000001776,47.0,55.0,2.145646973631696
673,0.3438849999994886,43.0,59.0,2.0297934928336177
674,0.3220050000010133,52.0,50.0,2.0422934713876026
675,0.30231299999883277,-66.0,70.0,1.9716303828802075
676,0.2691279999993412,44.0,58.0,1.7569208961279894
677,0.3340390000019511,59.0,43.0,1.6613258737046404
678,0.3333100000020295,52.0,50.0,2.087878202259223
679,0.4011389999973858,-65.0,69.0,2.0987487058508254
680,0.4445349999997461,-5.0,58.0,2.179124917541348
681,0.39348099999614305,59.0,43.0,2.030792333797055
682,0.4850139999987846,43.0,59.0,2.0416988967629868
683,0.49485999999632213,53.0,49.0,2.0796196580570827
684,0.5200229999999806,54.0,48.0,2.0708708116388834
685,0.6673500000005106,43.0,59.0,1.7150391386242831
686,0.2862669999998957,69.0,33.0,2.2575372325267864
687,0.42848900000080903,-4.0,57.0,2.28326217387754
688,0.5152819999949543,58.0,44.0,1.7738455259580292
689,0.6359879999990881,53.0,49.0,1.699447531476205
690,0.3088779999984581,-13.0,66.0,1.4970123639035378
691,0.36102500000367854,61.0,41.0,1.4713887122930782
692,0.30085400000245954,35.0,67.0,1.498693053844388
693,0.3303920000021776,56.0,46.0,1.4613763927553154
694,0.4624039999967522,46.0,56.0,2.0831783308651697
695,0.48938999999847965,45.0,57.0,2.1046830643069923
696,0.28991399999966916,54.0,48.0,1.6279861897502197
697,0.3566490000039835,49.0,53.0,1.6192288232674383
698,0.4565690000006839,12.0,90.0,1.6129006582417287
699,0.27642100000235814,5.0,48.0,1.6391423161318532
700,0.27642100000235814,57.0,45.0,1.6603043645905788
701,0.31106500000532833,-14.0,67.0,1.6731652686633722
702,0.2319310000018504,52.0,50.0,2.267693639168528
703,0.4204669999978705,50.0,52.0,2.3836234237594396
704,0.34315599999956703,-17.0,70.0,2.306034260807908
705,0.3110649999982229,59.0,43.0,2.2176532093437955
706,0.3117939999981445,52.0,50.0,2.6923923146715807
707,0.331486000000325,55.0,47.0,2.6504088210467884
708,0.2370369999979971,-9.0,62.0,2.6488509246367937
709,0.2716810000009673,11.0,42.0,2.627468667355786
710,0.2713160000027415,54.0,48.0,2.748443050360102
711,0.34753300000289755,49.0,53.0,2.78263586454202
712,0.25089400000410933,39.0,63.0,2.1827632909740133
713,0.31507599999969216,52.0,50.0,2.1553625107663414
714,0.3241929999973081,51.0,51.0,1.7078049059295672
715,0.2698580000028983,36.0,66.0,1.7089378295636757
716,0.2618349999963243,45.0,57.0,1.159340360728533
717,0.36868299999781584,43.0,59.0,1.6104575437243356
718,0.3114299999964487,0.0,53.0,1.7908776194198164
719,0.40259800000086443,-13.0,66.0,1.9690404701971418
720,0.36868300000492127,56.0,46.0,1.8433616362434428
721,0.4011390000044912,48.0,54.0,1.7652455129518363
722,0.5028830000028961,38.0,64.0,1.9327717143388679
723,0.354095999995252,63.0,39.0,1.8350446734972774
724,0.39165799999807405,57.0,45.0,1.820488838110408
725,0.9853440000000546,40.0,62.0,1.8155051276896583
726,0.8737539999970068,59.0,43.0,2.349274144443768
727,0.46094500000037897,48.0,54.0,1.9215612453151938
728,0.45365199999736205,47.0,55.0,1.816085019254643
729,0.7023579999980711,45.0,57.0,1.9014122771444726
730,0.5583129999990888,41.0,61.0,1.8757867514831432
731,0.5517489999959935,59.0,43.0,1.8831897859200062
732,0.4675100000000043,51.0,51.0,1.8211919934357232
733,0.5823819999974944,52.0,50.0,1.8212154113155896
734,0.3438849999994886,59.0,43.0,1.7150428458553286
735,0.7162160000007134,38.0,64.0,2.264906168078535
736,0.513822999998581,52.0,50.0,1.7581957814967288
737,0.4660510000036311,32.0,70.0,1.8892822151979338
738,0.6571389999976418,62.0,40.0,1.932903070390342
739,0.7355440000011981,47.0,55.0,1.7148597329227726
740,0.484284999998863,-3.0,56.0,1.7161419752446307
741,0.3621200000054614,36.0,66.0,1.7227901475249758
742,0.44963999999936277,-13.0,66.0,1.5528268937905145
743,0.3526380000025142,45.0,57.0,1.7000021179824862
744,0.24542400000626685,52.0,50.0,1.7802196715565948
745,0.27496300000251495,4.0,49.0,1.2190502343053764
746,0.354095999995252,52.0,50.0,1.2126532149283895
747,0.3314870000039605,65.0,37.0,1.0618086844840717
748,0.4153620000053593,52.0,50.0,0.9759022360359607
749,0.3402390000033506,41.0,61.0,1.0023350244540585
750,0.4500049999975886,37.0,65.0,1.0011314325280352
751,0.3041370000005372,59.0,43.0,1.0510442896251013
752,0.6100960000026134,45.0,57.0,1.0329092668644733
753,0.5842050000026688,57.0,45.0,1.008083159766263
754,0.42229000000304495,42.0,60.0,0.9538086282398723
755,2.299257000004218,-92.0,47.0,0.9651871644631271
756,0.4485469999977454,0.0,53.0,1.0441361682357004
757,0.34169799999972383,5.0,48.0,1.2954728390907655
758,0.317263999995987,54.0,48.0,1.318588925478678
759,0.37743600000084143,65.0,37.0,1.7961410183355333
760,0.4489109999994412,48.0,54.0,2.3785470874747494
761,0.3818120000005365,34.0,68.0,2.9752704436810373
762,0.4135380000036548,41.0,61.0,3.0796930408548624
763,0.28809100000160015,50.0,52.0,3.426674615851064
764,0.33112199999862924,36.0,66.0,3.4433071856560056
765,0.2220860000008429,-39.0,43.0,3.4905661195862643
766,0.37998799999883204,54.0,48.0,3.426439996838174
767,0.26438700000142035,41.0,61.0,3.363073257316512
768,0.32528700000256094,52.0,50.0,3.282137543583165
769,0.35008500000088816,42.0,60.0,2.7755781831632738
770,0.2953850000011471,31.0,71.0,2.1960584704086004
771,0.3347689999984027,52.0,50.0,2.173952999457973
772,0.38545800000377994,50.0,52.0,2.306695579475309
773,0.3741529999956583,62.0,40.0,2.565584435842314
774,0.5291390000010665,40.0,62.0,2.9391376389337274
775,0.4981419999978698,47.0,55.0,2.919165431282408
776,0.39457499999429047,54.0,48.0,2.9953159661837665
777,0.5732649999998785,25.0,77.0,3.1884946561121383
778,0.3099710000000755,42.0,60.0,3.294893735133587
779,0.352272999997183,-5.0,58.0,3.3041812951418557
780,0.34388599999601865,62.0,40.0,3.2983125114215377
781,0.30194800000060695,55.0,47.0,2.663577533262784
782,0.7803979999962962,47.0,55.0,2.583862879989825
783,0.3092420000001539,66.0,36.0,1.9252280881727564
784,0.5222099999997454,40.0,62.0,2.118275884250049
785,0.37342400000284215,60.0,42.0,2.11696259418447
786,0.2523539999970126,60.0,42.0,2.0106539587641983
787,0.27569200000243654,40.0,62.0,1.7333536083863386
788,0.24287099999753536,50.0,52.0,1.6995999442408867
789,0.27496300000251495,32.0,70.0,1.6283134767827199
790,0.341333000001498,48.0,54.0,1.7930679816909056
791,0.36139000000190435,50.0,52.0,2.072419015717751
792,0.2574580000000992,51.0,51.0,1.9122706025066036
793,0.28918499999974756,49.0,53.0,1.995909538670943
794,0.30012500000253794,47.0,55.0,1.537288847914453
795,0.267669000002968,44.0,58.0,1.5117426531422717
796,0.2975720000009119,55.0,47.0,1.5269520918025559
797,0.32966399999878604,7.0,46.0,1.4593942099930446
798,0.3533669999953304,-3.0,56.0,1.4924935738176424
799,0.44563000000152897,32.0,70.0,1.515558943010519
800,0.3194519999993872,58.0,44.0,1.3902678750575528
801,0.341333000001498,36.0,66.0,1.186885799995667
802,0.47152100000147357,61.0,41.0,1.42433899121244
803,0.3697779999995987,65.0,37.0,1.2996451535775748
804,0.4448999999979719,43.0,59.0,1.1748035789538303
805,0.4051510000024905,47.0,55.0,1.217736483793593
806,0.30778299999667524,28.0,74.0,1.189215275464075
807,0.5466429999998468,37.0,65.0,1.1627655531389673
808,0.49486000000342756,57.0,45.0,1.0489404171512138
809,0.39202199999976983,57.0,45.0,1.066285406475553
810,0.2953850000011471,54.0,48.0,1.0458922706877367
811,0.33622799999477593,50.0,52.0,0.967420439096319
812,0.28918499999974756,44.0,58.0,0.7246271234327996
813,0.39384499999783884,2.0,51.0,0.7341435868894794
814,0.3559200000040619,50.0,52.0,0.7130575445318499
815,0.2592820000018037,40.0,62.0,0.6560360990711012
816,0.35373200000066163,41.0,61.0,1.2978877224811782
817,0.3300280000004818,41.0,61.0,1.5723859316780502
818,0.35555500000583606,51.0,51.0,1.6748313445877454
819,0.42046700000497594,52.0,50.0,1.795102968274947
820,0.3271110000042654,60.0,42.0,2.0403201419714527
821,0.5772760000013477,61.0,41.0,2.7613095287361586
822,0.5612299999953052,52.0,50.0,2.7972117637258984
823,0.4102569999986372,57.0,45.0,2.7906879919667498
824,0.8081129999979453,39.0,63.0,2.8017019790762863
825,0.6418219999986263,52.0,50.0,2.8400242644136346
826,0.3336750000002553,60.0,42.0,2.2909889893771327
827,0.34497899999763604,62.0,40.0,2.078319568713647
828,0.5707110000017224,44.0,58.0,2.0254251320062635
829,0.3712359999994419,44.0,58.0,2.443340605191165
830,0.37415300000276375,46.0,56.0,2.8571449190006257
831,0.3384159999981762,-2.0,55.0,2.7896583467609095
832,0.4040570000043431,10.0,43.0,3.1224642183794713
833,0.32419400000094356,50.0,52.0,3.0887653646535
834,0.39238699999799564,-42.0,46.0,3.3460416755650924
835,0.3446150000030457,42.0,60.0,3.298956872398601
836,0.3690480000031471,41.0,61.0,3.23766298350086
837,0.30596000000571166,46.0,56.0,3.2740910376546806
838,0.3077840000003107,44.0,58.0,3.2319465274668056
839,0.27715099999880977,56.0,46.0,2.7553831677834753
840,0.3796240000042417,60.0,42.0,2.5971585290821997
841,0.40989100000388135,52.0,50.0,2.0639702324793303
842,0.329663000002256,-167.0,73.0,1.738308584679994
843,0.267669000002968,39.0,63.0,1.8300524975399857
844,0.31252400000170155,53.0,49.0,1.660628065429589
845,0.437605999998425,51.0,51.0,2.202374616088922
846,0.30158399999891117,59.0,43.0,2.6867394142188257
847,0.4780850000045689,55.0,47.0,3.068282275602071
848,0.3468029999993405,42.0,60.0,3.6647737635978883
849,0.36977699999596325,-81.0,85.0,3.6290442232473152
850,0.2968430000009903,50.0,52.0,3.1391392418022375
851,0.3985869999993952,-121.0,125.0,3.542820239546728
852,1.1654919999983804,41.0,61.0,3.627705500598237
853,0.731167000004973,63.0,39.0,4.207401993406223
854,0.5484670000015512,4.0,49.0,4.123336554398376
855,0.5739939999998,17.0,36.0,3.9755460366898006
856,0.5667009999967831,59.0,43.0,3.5576102702305468
857,0.4430769999999029,63.0,39.0,3.075390198768186
858,0.7158510000024876,56.0,46.0,3.093721444806822
859,0.6115549999989867,25.0,77.0,3.118466379976874
860,0.5225749999979712,49.0,53.0,3.191174514441105
861,0.5112710000005904,60.0,42.0,2.91550178109008
862,0.6093670000026918,55.0,47.0,3.2573661854435185
863,0.6717260000002057,25.0,77.0,3.1323705093327363
864,0.7610700000029169,48.0,54.0,3.133709868472817
865,0.3194530000030227,58.0,44.0,2.7427695140062753
866,0.23630700000154548,56.0,46.0,2.6834112808012174
867,0.2924670000012952,47.0,55.0,2.817467381521322
868,0.26949299999756704,42.0,60.0,2.2388212351990417
869,0.2972079999992161,53.0,49.0,2.5770797591696053
870,0.4073389999987853,64.0,38.0,2.5109641485223584
871,0.2673050000012722,46.0,56.0,2.273805594569764
872,0.2873610000051485,27.0,75.0,1.8863456910898726
873,0.2490709999989349,50.0,52.0,1.4213895260307843
874,0.3562850000022877,52.0,50.0,1.6769549075313939
875,0.31361799999984896,62.0,40.0,2.206818870858553
876,0.2983010000008335,51.0,51.0,2.6093122284161203
877,0.3099710000000755,51.0,51.0,2.4599548782108465
878,0.4671450000017785,45.0,57.0,2.998715864631228
879,1.3266759999979172,46.0,56.0,3.183441310654959
880,0.4412540000018339,66.0,36.0,3.1569680846274735
881,0.32528799999909097,64.0,38.0,3.164174898328041
882,0.3643070000052262,66.0,36.0,3.0957630844909003
883,0.49595400000157497,55.0,47.0,3.05688060232262
884,0.4197379999979489,-12.0,65.0,3.262079270954126
885,0.2983010000008335,49.0,53.0,2.756116141226583
886,0.27022200000459407,65.0,37.0,2.319198226650772
887,0.35446199999711325,44.0,58.0,2.3234847670868786
888,0.30778299999667524,40.0,62.0,1.7612118708493347
889,0.3489919999992708,13.0,40.0,1.167489411187005
890,0.3088779999984581,40.0,62.0,1.2924786848296823
891,0.5389850000057095,54.0,48.0,1.360048466623383
892,0.304501000002233,64.0,38.0,1.3557747571207452
893,0.4791790000027163,56.0,46.0,1.9205014101832227
894,0.5316920000026926,49.0,53.0,1.5711225287647126
895,0.5601370000007933,37.0,65.0,1.7249161160608026
896,0.6159309999986817,66.0,36.0,1.7628631599764866
897,0.4317719999988867,57.0,45.0,1.7716239463070331
898,0.6808429999978216,34.0,68.0,2.14856289913391
899,0.5572190000009414,67.0,35.0,2.17299143273862
900,0.4671450000017785,58.0,44.0,2.05016949578438
901,0.5758169999978691,-51.0,55.0,2.0830086071147083
902,0.3697779999995987,46.0,56.0,2.5568070541525802
903,0.28371499999479965,51.0,51.0,2.0284589327839417
904,0.6771959999980481,53.0,49.0,1.9205350330911646
905,0.44599400000322476,58.0,44.0,1.7353435084304074
906,0.5408090000003085,63.0,39.0,1.7362509267142117
907,0.33732200000002877,59.0,43.0,1.718885865386963
908,0.8697429999955375,-13.0,66.0,1.3282603932935266
909,0.7548709999980474,50.0,52.0,1.3012049304233848
910,0.5243980000031456,54.0,48.0,1.3889302677038255
911,0.44198299999465007,47.0,55.0,1.7832920859237362
912,0.27167999999733183,56.0,46.0,1.3837966932386963
913,0.34242699999964543,49.0,53.0,1.7608800640504456
914,0.25745899999662925,-71.0,75.0,2.3551324342669933
915,0.2687630000011154,62.0,40.0,2.3454023018572796
916,0.33039299999870764,35.0,67.0,2.420449586711871
917,0.4390649999947982,59.0,43.0,2.4605176272076976
918,0.29976100000084216,55.0,47.0,2.467249662441768
919,0.3107009999965271,62.0,40.0,2.528595130090445
920,0.35591999999695645,61.0,41.0,2.471764104222037
921,0.340603999994471,34.0,68.0,2.5915897058262085
922,0.3070540000038591,48.0,54.0,2.7583261796779124
923,0.35044999999911397,41.0,61.0,2.3257795881225642
924,0.2651159999942365,58.0,44.0,1.7129665435740584
925,0.34242699999964543,4.0,98.0,1.7509387891314225
926,0.3788939999935792,-4.0,57.0,1.6523242250878964
927,0.4711569999997778,55.0,47.0,1.6324552411782036
928,0.3690480000031471,53.0,49.0,1.6559746881641384
929,0.32455800000263935,59.0,43.0,2.145096936702603
930,0.34279199999787124,50.0,52.0,2.1306984340487563
931,0.40186900000094283,53.0,49.0,1.569272666016023
932,0.3551910000041403,56.0,46.0,1.8956322639708378
933,0.2961140000010687,44.0,58.0,1.8854297960282698
934,0.3201820000029443,-4.0,57.0,2.4652420278583085
935,0.28918499999974756,29.0,73.0,2.457687924609597
936,0.3198180000012485,-17.0,70.0,2.483915108487445
937,0.40332799999731606,51.0,51.0,2.4889345879144056
938,0.43979499999835525,63.0,39.0,2.457563502532305
939,0.43578300000035597,62.0,40.0,1.9026105577724537
940,0.5065300000026696,47.0,55.0,1.8703472324568353
941,0.4802730000008637,45.0,57.0,1.8603113633487083
942,0.6327059999975404,47.0,55.0,1.7910131480937572
943,0.5171050000001287,30.0,72.0,1.8463316376912324
944,0.4624039999967522,45.0,57.0,1.3387792762588773
945,0.509446999998886,56.0,46.0,1.350101870852712
946,0.36066000000545273,53.0,49.0,1.5503153658797144
947,0.41645599999640126,62.0,40.0,1.540900684596655
948,0.5925920000038332,-36.0,40.0,1.5801813574575987
949,0.3245589999991694,4.0,49.0,1.5830579236103168
950,0.4325009999988083,66.0,36.0,1.6798029871388984
951,0.281162000000279,47.0,55.0,1.8017869359261645
952,1.954276999995841,61.0,41.0,1.3229731160157887
953,0.4390650000019036,46.0,56.0,1.2894334094156412
954,0.3460739999994189,43.0,59.0,1.2269764042513016
955,0.22901399999852856,51.0,51.0,1.1798529420084107
956,0.34242699999964543,48.0,54.0,1.0382692662172759
957,0.3041359999969018,62.0,40.0,1.57068076056265
958,0.2709520000010457,48.0,54.0,2.1808361081723864
959,0.3643080000017562,56.0,46.0,2.2199433250292815
960,0.29976000000431213,-20.0,73.0,2.139669575258971
961,0.4295840000025919,53.0,49.0,2.5542897887761535
962,0.2964789999992945,56.0,46.0,2.585017370860019
963,0.3508149999973398,61.0,41.0,2.545754301108502
964,0.33732100000349874,62.0,40.0,2.538554384340846
965,0.2756919999953311,37.0,65.0,2.575267152578694
966,0.25125900000233514,4.0,49.0,2.473353914540634
967,0.2979369999991377,20.0,82.0,1.986367734666958
968,0.2126039999978957,43.0,59.0,1.8698774805967866
969,0.2837150000019051,42.0,60.0,1.8132254445075333
970,0.2786100000022884,49.0,53.0,1.841657556241475
971,0.30523099999868464,40.0,62.0,1.3279343347969204
972,0.339510000003429,50.0,52.0,1.3259194135662309
973,0.35227400000081843,48.0,54.0,1.8451500680164261
974,0.4649560000018482,58.0,44.0,1.877898535010333
975,0.3333109999985595,49.0,53.0,1.8678995104718399
976,0.7129330000026357,45.0,57.0,2.302647914025955
977,0.5699820000018008,46.0,56.0,2.3876980574285582
978,0.46167400000030057,38.0,64.0,1.9343918996461487
979,0.4675100000000043,-40.0,142.0,2.480997691176507
980,0.3807180000023891,-18.0,120.0,2.5076637766709418
981,0.5134580000003552,38.0,64.0,2.9611694101011907
982,0.4496410000029982,50.0,52.0,2.9801547821408
983,0.32565200000078676,0.0,53.0,2.479914953987179
984,0.3391450000052032,37.0,65.0,2.509233668876907
985,0.364672000003452,52.0,50.0,2.5540907525346026
986,0.2979369999991377,38.0,64.0,2.141270964112822
987,0.4587569999969787,34.0,68.0,2.108512545724241
988,0.26620999999948936,69.0,33.0,2.018525796681192
989,0.37852999999898884,37.0,65.0,1.5282945276588358
990,0.4204669999978705,53.0,49.0,1.4733858934948798
991,0.509446999998886,56.0,46.0,0.934490671043605
992,0.3468029999993405,36.0,66.0,1.3282341654911292
993,0.38983500000000504,43.0,59.0,1.9415265693576482
994,0.25344699999862996,47.0,55.0,1.8916390996549002
995,0.306324000000302,23.0,79.0,2.2429374064192236
996,0.4182790000015757,41.0,61.0,2.8378824696328513
997,0.338780999996402,-8.0,61.0,2.8985137533134675
998,0.3041370000005372,32.0,70.0,3.023710453011998
999,0.44161699999989423,70.0,32.0,3.121089685456369
1000,0.24615399999561305,56.0,46.0,3.3491048676641193
